{"_id":{"$oid":"5ddba05efc13ae6c90000064"},"creationDate":"10/9/2019","location":"bedroom","userID":{"$oid":"5ddb94c6fc13ae640c000027"}}
{"_id":{"$oid":"5ddba05efc13ae6c90000065"},"creationDate":"8/30/2019","location":"livingroom","userID":{"$oid":"5ddb94c6fc13ae640c000026"}}
{"_id":{"$oid":"5ddba05efc13ae6c90000066"},"creationDate":"7/2/2019","location":"livingroom","userID":{"$oid":"5ddb94c6fc13ae640c000025"}}
{"_id":{"$oid":"5ddba05efc13ae6c90000067"},"creationDate":"3/3/2019","location":"bedroom","userID":{"$oid":"5ddb94c6fc13ae640c00001a"}}
{"_id":{"$oid":"5ddba05efc13ae6c90000068"},"creationDate":"12/9/2018","location":"bathroom","userID":{"$oid":"5ddb94c6fc13ae640c000023"}}
{"_id":{"$oid":"5ddba05efc13ae6c90000069"},"creationDate":"3/10/2019","location":"livingroom","userID":{"$oid":"5ddb94c6fc13ae640c00001b"}}
{"_id":{"$oid":"5ddba05efc13ae6c9000006a"},"creationDate":"10/11/2019","location":"entrance","userID":{"$oid":"5ddb94c6fc13ae640c000027"}}
{"_id":{"$oid":"5ddba05efc13ae6c9000006b"},"creationDate":"5/18/2019","location":"bedroom","userID":{"$oid":"5ddb94c6fc13ae640c00001d"}}
{"_id":{"$oid":"5ddba05efc13ae6c9000006c"},"creationDate":"2/1/2019","location":"bedroom","userID":{"$oid":"5ddb94c6fc13ae640c000025"}}
{"_id":{"$oid":"5ddba05efc13ae6c9000006d"},"creationDate":"4/25/2019","location":"entrance","userID":{"$oid":"5ddb94c6fc13ae640c000017"}}
{"_id":{"$oid":"5ddba05efc13ae6c9000006e"},"creationDate":"4/1/2019","location":"bedroom","userID":{"$oid":"5ddb94c6fc13ae640c000021"}}
{"_id":{"$oid":"5ddba05efc13ae6c9000006f"},"creationDate":"4/23/2019","location":"entrance","userID":{"$oid":"5ddb94c6fc13ae640c000021"}}
{"_id":{"$oid":"5ddba05efc13ae6c90000070"},"creationDate":"6/25/2019","location":"bathroom","userID":{"$oid":"5ddb94c6fc13ae640c00001d"}}
{"_id":{"$oid":"5ddba05efc13ae6c90000071"},"creationDate":"2/22/2019","location":"bathroom","userID":{"$oid":"5ddb94c6fc13ae640c00001d"}}
{"_id":{"$oid":"5ddba05efc13ae6c90000072"},"creationDate":"12/5/2018","location":"entrance","userID":{"$oid":"5ddb94c6fc13ae640c00001d"}}
{"_id":{"$oid":"5ddba05efc13ae6c90000073"},"creationDate":"7/20/2019","location":"entrance","userID":{"$oid":"5ddb94c6fc13ae640c00001c"}}
{"_id":{"$oid":"5ddba05efc13ae6c90000074"},"creationDate":"4/16/2019","location":"bedroom","userID":{"$oid":"5ddb94c6fc13ae640c000021"}}
{"_id":{"$oid":"5ddba05efc13ae6c90000075"},"creationDate":"9/22/2019","location":"bathroom","userID":{"$oid":"5ddb94c6fc13ae640c000016"}}
{"_id":{"$oid":"5ddba05efc13ae6c90000076"},"creationDate":"6/20/2019","location":"entrance","userID":{"$oid":"5ddb94c6fc13ae640c000024"}}
{"_id":{"$oid":"5ddba05efc13ae6c90000077"},"creationDate":"4/19/2019","location":"entrance","userID":{"$oid":"5ddb94c6fc13ae640c000014"}}
{"_id":{"$oid":"5ddba05efc13ae6c90000078"},"creationDate":"1/24/2019","location":"bedroom","userID":{"$oid":"5ddb94c6fc13ae640c000014"}}
{"_id":{"$oid":"5ddba05efc13ae6c90000079"},"creationDate":"10/10/2019","location":"bedroom","userID":{"$oid":"5ddb94c6fc13ae640c000026"}}
{"_id":{"$oid":"5ddba05efc13ae6c9000007a"},"creationDate":"9/19/2019","location":"bathroom","userID":{"$oid":"5ddb94c6fc13ae640c00001e"}}
{"_id":{"$oid":"5ddba05efc13ae6c9000007b"},"creationDate":"3/15/2019","location":"bedroom","userID":{"$oid":"5ddb94c6fc13ae640c000026"}}
{"_id":{"$oid":"5ddba05efc13ae6c9000007c"},"creationDate":"4/4/2019","location":"bedroom","userID":{"$oid":"5ddb94c6fc13ae640c00001f"}}
{"_id":{"$oid":"5ddba05efc13ae6c9000007d"},"creationDate":"7/5/2019","location":"livingroom","userID":{"$oid":"5ddb94c6fc13ae640c000018"}}
{"_id":{"$oid":"5ddba05efc13ae6c9000007e"},"creationDate":"11/28/2018","location":"bedroom","userID":{"$oid":"5ddb94c6fc13ae640c00001b"}}
{"_id":{"$oid":"5ddba05efc13ae6c9000007f"},"creationDate":"9/6/2019","location":"bedroom","userID":{"$oid":"5ddb94c6fc13ae640c000023"}}
{"_id":{"$oid":"5ddba05efc13ae6c90000080"},"creationDate":"2/5/2019","location":"bathroom","userID":{"$oid":"5ddb94c6fc13ae640c000014"}}
{"_id":{"$oid":"5ddba05efc13ae6c90000081"},"creationDate":"9/3/2019","location":"bedroom","userID":{"$oid":"5ddb94c6fc13ae640c000016"}}
{"_id":{"$oid":"5ddba05efc13ae6c90000082"},"creationDate":"9/29/2019","location":"entrance","userID":{"$oid":"5ddb94c6fc13ae640c000017"}}
{"_id":{"$oid":"5ddba05efc13ae6c90000083"},"creationDate":"4/17/2019","location":"bathroom","userID":{"$oid":"5ddb94c6fc13ae640c000023"}}
{"_id":{"$oid":"5ddba05efc13ae6c90000084"},"creationDate":"12/6/2018","location":"bedroom","userID":{"$oid":"5ddb94c6fc13ae640c000018"}}
{"_id":{"$oid":"5ddba05efc13ae6c90000085"},"creationDate":"10/2/2019","location":"bathroom","userID":{"$oid":"5ddb94c6fc13ae640c000015"}}
{"_id":{"$oid":"5ddba05efc13ae6c90000086"},"creationDate":"2/14/2019","location":"entrance","userID":{"$oid":"5ddb94c6fc13ae640c000022"}}
{"_id":{"$oid":"5ddba05efc13ae6c90000087"},"creationDate":"10/24/2019","location":"bedroom","userID":{"$oid":"5ddb94c6fc13ae640c000017"}}
{"_id":{"$oid":"5ddba05efc13ae6c90000088"},"creationDate":"4/18/2019","location":"livingroom","userID":{"$oid":"5ddb94c6fc13ae640c000017"}}
{"_id":{"$oid":"5ddba05efc13ae6c90000089"},"creationDate":"11/4/2019","location":"bedroom","userID":{"$oid":"5ddb94c6fc13ae640c000014"}}
{"_id":{"$oid":"5ddba05efc13ae6c9000008a"},"creationDate":"7/5/2019","location":"entrance","userID":{"$oid":"5ddb94c6fc13ae640c000014"}}
{"_id":{"$oid":"5ddba05efc13ae6c9000008b"},"creationDate":"1/19/2019","location":"bedroom","userID":{"$oid":"5ddb94c6fc13ae640c000023"}}
{"_id":{"$oid":"5ddba05efc13ae6c9000008c"},"creationDate":"6/18/2019","location":"livingroom","userID":{"$oid":"5ddb94c6fc13ae640c00001c"}}
{"_id":{"$oid":"5ddba05efc13ae6c9000008d"},"creationDate":"8/21/2019","location":"bedroom","userID":{"$oid":"5ddb94c6fc13ae640c00001d"}}
{"_id":{"$oid":"5ddba05efc13ae6c9000008e"},"creationDate":"12/19/2018","location":"entrance","userID":{"$oid":"5ddb94c6fc13ae640c000026"}}
{"_id":{"$oid":"5ddba05efc13ae6c9000008f"},"creationDate":"8/29/2019","location":"entrance","userID":{"$oid":"5ddb94c6fc13ae640c000024"}}
{"_id":{"$oid":"5ddba05efc13ae6c90000090"},"creationDate":"8/31/2019","location":"livingroom","userID":{"$oid":"5ddb94c6fc13ae640c000024"}}
{"_id":{"$oid":"5ddba05efc13ae6c90000091"},"creationDate":"9/7/2019","location":"entrance","userID":{"$oid":"5ddb94c6fc13ae640c000018"}}
{"_id":{"$oid":"5ddba05efc13ae6c90000092"},"creationDate":"2/19/2019","location":"bedroom","userID":{"$oid":"5ddb94c6fc13ae640c000024"}}
{"_id":{"$oid":"5ddba05efc13ae6c90000093"},"creationDate":"6/20/2019","location":"bathroom","userID":{"$oid":"5ddb94c6fc13ae640c000015"}}
{"_id":{"$oid":"5ddba05efc13ae6c90000094"},"creationDate":"8/26/2019","location":"entrance","userID":{"$oid":"5ddb94c6fc13ae640c00001f"}}
{"_id":{"$oid":"5ddba05efc13ae6c90000095"},"creationDate":"6/14/2019","location":"bathroom","userID":{"$oid":"5ddb94c6fc13ae640c000022"}}
{"_id":{"$oid":"5ddba05efc13ae6c90000096"},"creationDate":"5/16/2019","location":"entrance","userID":{"$oid":"5ddb94c6fc13ae640c000018"}}
{"_id":{"$oid":"5ddba05efc13ae6c90000097"},"creationDate":"6/12/2019","location":"bedroom","userID":{"$oid":"5ddb94c6fc13ae640c000019"}}
{"_id":{"$oid":"5ddba05efc13ae6c90000098"},"creationDate":"11/1/2019","location":"bathroom","userID":{"$oid":"5ddb94c6fc13ae640c000021"}}
{"_id":{"$oid":"5ddba05efc13ae6c90000099"},"creationDate":"11/27/2018","location":"bedroom","userID":{"$oid":"5ddb94c6fc13ae640c000017"}}
{"_id":{"$oid":"5ddba05efc13ae6c9000009a"},"creationDate":"7/20/2019","location":"bathroom","userID":{"$oid":"5ddb94c6fc13ae640c000020"}}
{"_id":{"$oid":"5ddba05efc13ae6c9000009b"},"creationDate":"8/7/2019","location":"bathroom","userID":{"$oid":"5ddb94c6fc13ae640c000016"}}
{"_id":{"$oid":"5ddba05efc13ae6c9000009c"},"creationDate":"3/6/2019","location":"entrance","userID":{"$oid":"5ddb94c6fc13ae640c000022"}}
{"_id":{"$oid":"5ddba05efc13ae6c9000009d"},"creationDate":"5/25/2019","location":"bedroom","userID":{"$oid":"5ddb94c6fc13ae640c000018"}}
{"_id":{"$oid":"5ddba05efc13ae6c9000009e"},"creationDate":"10/26/2019","location":"entrance","userID":{"$oid":"5ddb94c6fc13ae640c000025"}}
{"_id":{"$oid":"5ddba05efc13ae6c9000009f"},"creationDate":"12/3/2018","location":"bathroom","userID":{"$oid":"5ddb94c6fc13ae640c000027"}}
{"_id":{"$oid":"5ddba05efc13ae6c900000a0"},"creationDate":"12/4/2018","location":"bathroom","userID":{"$oid":"5ddb94c6fc13ae640c000018"}}
{"_id":{"$oid":"5ddba05efc13ae6c900000a1"},"creationDate":"9/25/2019","location":"livingroom","userID":{"$oid":"5ddb94c6fc13ae640c000014"}}
{"_id":{"$oid":"5ddba05efc13ae6c900000a2"},"creationDate":"11/16/2019","location":"livingroom","userID":{"$oid":"5ddb94c6fc13ae640c00001a"}}
{"_id":{"$oid":"5ddba05efc13ae6c900000a3"},"creationDate":"4/22/2019","location":"bedroom","userID":{"$oid":"5ddb94c6fc13ae640c000022"}}
{"_id":{"$oid":"5ddba05efc13ae6c900000a4"},"creationDate":"2/24/2019","location":"livingroom","userID":{"$oid":"5ddb94c6fc13ae640c000016"}}
{"_id":{"$oid":"5ddba05ffc13ae6c900000a5"},"creationDate":"8/3/2019","location":"livingroom","userID":{"$oid":"5ddb94c6fc13ae640c00001d"}}
{"_id":{"$oid":"5ddba05ffc13ae6c900000a6"},"creationDate":"7/21/2019","location":"entrance","userID":{"$oid":"5ddb94c6fc13ae640c00001b"}}
{"_id":{"$oid":"5ddba05ffc13ae6c900000a7"},"creationDate":"5/6/2019","location":"bedroom","userID":{"$oid":"5ddb94c6fc13ae640c00001c"}}
{"_id":{"$oid":"5ddba05ffc13ae6c900000a8"},"creationDate":"7/24/2019","location":"livingroom","userID":{"$oid":"5ddb94c6fc13ae640c000016"}}
{"_id":{"$oid":"5ddba05ffc13ae6c900000a9"},"creationDate":"5/6/2019","location":"livingroom","userID":{"$oid":"5ddb94c6fc13ae640c000020"}}
{"_id":{"$oid":"5ddba05ffc13ae6c900000aa"},"creationDate":"2/16/2019","location":"bathroom","userID":{"$oid":"5ddb94c6fc13ae640c000020"}}
{"_id":{"$oid":"5ddba05ffc13ae6c900000ab"},"creationDate":"10/10/2019","location":"bathroom","userID":{"$oid":"5ddb94c6fc13ae640c000021"}}
{"_id":{"$oid":"5ddba05ffc13ae6c900000ac"},"creationDate":"8/1/2019","location":"entrance","userID":{"$oid":"5ddb94c6fc13ae640c000015"}}
{"_id":{"$oid":"5ddba05ffc13ae6c900000ad"},"creationDate":"9/1/2019","location":"bathroom","userID":{"$oid":"5ddb94c6fc13ae640c000026"}}
{"_id":{"$oid":"5ddba05ffc13ae6c900000ae"},"creationDate":"1/6/2019","location":"entrance","userID":{"$oid":"5ddb94c6fc13ae640c000023"}}
{"_id":{"$oid":"5ddba05ffc13ae6c900000af"},"creationDate":"3/7/2019","location":"entrance","userID":{"$oid":"5ddb94c6fc13ae640c000023"}}
{"_id":{"$oid":"5ddba05ffc13ae6c900000b0"},"creationDate":"8/6/2019","location":"livingroom","userID":{"$oid":"5ddb94c6fc13ae640c00001a"}}
{"_id":{"$oid":"5ddba05ffc13ae6c900000b1"},"creationDate":"11/14/2019","location":"livingroom","userID":{"$oid":"5ddb94c6fc13ae640c000019"}}
{"_id":{"$oid":"5ddba05ffc13ae6c900000b2"},"creationDate":"1/1/2019","location":"bedroom","userID":{"$oid":"5ddb94c6fc13ae640c00001a"}}
{"_id":{"$oid":"5ddba05ffc13ae6c900000b3"},"creationDate":"9/8/2019","location":"bedroom","userID":{"$oid":"5ddb94c6fc13ae640c000023"}}
{"_id":{"$oid":"5ddba05ffc13ae6c900000b4"},"creationDate":"6/2/2019","location":"bedroom","userID":{"$oid":"5ddb94c6fc13ae640c00001c"}}
{"_id":{"$oid":"5ddba05ffc13ae6c900000b5"},"creationDate":"4/16/2019","location":"entrance","userID":{"$oid":"5ddb94c6fc13ae640c00001c"}}
{"_id":{"$oid":"5ddba05ffc13ae6c900000b6"},"creationDate":"11/16/2019","location":"bathroom","userID":{"$oid":"5ddb94c6fc13ae640c000015"}}
{"_id":{"$oid":"5ddba05ffc13ae6c900000b7"},"creationDate":"8/21/2019","location":"bathroom","userID":{"$oid":"5ddb94c6fc13ae640c000016"}}
{"_id":{"$oid":"5ddba05ffc13ae6c900000b8"},"creationDate":"6/5/2019","location":"entrance","userID":{"$oid":"5ddb94c6fc13ae640c000017"}}
{"_id":{"$oid":"5ddba05ffc13ae6c900000b9"},"creationDate":"3/22/2019","location":"livingroom","userID":{"$oid":"5ddb94c6fc13ae640c000026"}}
{"_id":{"$oid":"5ddba05ffc13ae6c900000ba"},"creationDate":"6/10/2019","location":"bedroom","userID":{"$oid":"5ddb94c6fc13ae640c000018"}}
{"_id":{"$oid":"5ddba05ffc13ae6c900000bb"},"creationDate":"9/27/2019","location":"entrance","userID":{"$oid":"5ddb94c6fc13ae640c00001a"}}
{"_id":{"$oid":"5ddba05ffc13ae6c900000bc"},"creationDate":"6/1/2019","location":"bedroom","userID":{"$oid":"5ddb94c6fc13ae640c000022"}}
{"_id":{"$oid":"5ddba05ffc13ae6c900000bd"},"creationDate":"11/27/2018","location":"bathroom","userID":{"$oid":"5ddb94c6fc13ae640c00001a"}}
{"_id":{"$oid":"5ddba05ffc13ae6c900000be"},"creationDate":"10/16/2019","location":"bathroom","userID":{"$oid":"5ddb94c6fc13ae640c000014"}}
{"_id":{"$oid":"5ddba05ffc13ae6c900000bf"},"creationDate":"3/22/2019","location":"bathroom","userID":{"$oid":"5ddb94c6fc13ae640c000023"}}
{"_id":{"$oid":"5ddba05ffc13ae6c900000c0"},"creationDate":"2/7/2019","location":"entrance","userID":{"$oid":"5ddb94c6fc13ae640c000023"}}
{"_id":{"$oid":"5ddba05ffc13ae6c900000c1"},"creationDate":"9/15/2019","location":"bedroom","userID":{"$oid":"5ddb94c6fc13ae640c000022"}}
{"_id":{"$oid":"5ddba05ffc13ae6c900000c2"},"creationDate":"5/27/2019","location":"bedroom","userID":{"$oid":"5ddb94c6fc13ae640c00001c"}}
{"_id":{"$oid":"5ddba05ffc13ae6c900000c3"},"creationDate":"11/10/2019","location":"entrance","userID":{"$oid":"5ddb94c6fc13ae640c00001b"}}
{"_id":{"$oid":"5ddba05ffc13ae6c900000c4"},"creationDate":"10/8/2019","location":"livingroom","userID":{"$oid":"5ddb94c6fc13ae640c00001e"}}
{"_id":{"$oid":"5ddba05ffc13ae6c900000c5"},"creationDate":"2/18/2019","location":"bathroom","userID":{"$oid":"5ddb94c6fc13ae640c000023"}}
{"_id":{"$oid":"5ddba05ffc13ae6c900000c6"},"creationDate":"2/4/2019","location":"bathroom","userID":{"$oid":"5ddb94c6fc13ae640c000018"}}
{"_id":{"$oid":"5ddba05ffc13ae6c900000c7"},"creationDate":"2/16/2019","location":"livingroom","userID":{"$oid":"5ddb94c6fc13ae640c000019"}}