{"location":"ethiopia","personsInHouse":4,"houseSize":"medium","_id":{"$oid":"5ddb94c6fc13ae640c000014"}}
{"location":"czech republic","personsInHouse":6,"houseSize":"small","_id":{"$oid":"5ddb94c6fc13ae640c000015"}}
{"location":"italy","personsInHouse":2,"houseSize":"big","_id":{"$oid":"5ddb94c6fc13ae640c000016"}}
{"location":"greece","personsInHouse":4,"houseSize":"medium","_id":{"$oid":"5ddb94c6fc13ae640c000017"}}
{"location":"china","personsInHouse":5,"houseSize":"medium","_id":{"$oid":"5ddb94c6fc13ae640c000018"}}
{"location":"poland","personsInHouse":4,"houseSize":"big","_id":{"$oid":"5ddb94c6fc13ae640c000019"}}
{"location":"thailand","personsInHouse":1,"houseSize":"medium","_id":{"$oid":"5ddb94c6fc13ae640c00001a"}}
{"location":"china","personsInHouse":5,"houseSize":"small","_id":{"$oid":"5ddb94c6fc13ae640c00001b"}}
{"location":"morocco","personsInHouse":3,"houseSize":"big","_id":{"$oid":"5ddb94c6fc13ae640c00001c"}}
{"location":"china","personsInHouse":1,"houseSize":"big","_id":{"$oid":"5ddb94c6fc13ae640c00001d"}}
{"location":"malaysia","personsInHouse":1,"houseSize":"medium","_id":{"$oid":"5ddb94c6fc13ae640c00001e"}}
{"location":"slovenia","personsInHouse":2,"houseSize":"small","_id":{"$oid":"5ddb94c6fc13ae640c00001f"}}
{"location":"philippines","personsInHouse":5,"houseSize":"medium","_id":{"$oid":"5ddb94c6fc13ae640c000020"}}
{"location":"mexico","personsInHouse":3,"houseSize":"big","_id":{"$oid":"5ddb94c6fc13ae640c000021"}}
{"location":"ecuador","personsInHouse":2,"houseSize":"big","_id":{"$oid":"5ddb94c6fc13ae640c000022"}}
{"location":"china","personsInHouse":6,"houseSize":"big","_id":{"$oid":"5ddb94c6fc13ae640c000023"}}
{"location":"albania","personsInHouse":6,"houseSize":"medium","_id":{"$oid":"5ddb94c6fc13ae640c000024"}}
{"location":"japan","personsInHouse":2,"houseSize":"small","_id":{"$oid":"5ddb94c6fc13ae640c000025"}}
{"location":"peru","personsInHouse":2,"houseSize":"small","_id":{"$oid":"5ddb94c6fc13ae640c000026"}}
{"location":"russia","personsInHouse":5,"houseSize":"medium","_id":{"$oid":"5ddb94c6fc13ae640c000027"}}